{"depth_intrin":{"coeffs0":0.0,"coeffs1":0.0,"coeffs2":0.0,"coeffs3":0.0,"coeffs4":0.0,"fx":429.127532958984,"fy":429.127532958984,"height":480,"model":4,"ppx":428.713684082031,"ppy":241.948760986328,"width":848}}